test,alloc,time_s,rss_kb,user_s,sys_s,page_faults,page_reclaims
cfrac,al,3.0,6128,2.77,0.00,0,1113
cfrac,al,2.9,6112,2.67,0.00,0,1114
cfrac,al,2.88,6128,2.65,0.00,0,1113
cfrac,al,2.9,6108,2.67,0.00,0,1113
cfrac,al,3.0,6116,2.77,0.00,0,1115
cfrac,al,2.91,6108,2.68,0.00,0,1113
cfrac,al,2.93,6128,2.70,0.00,0,1114
cfrac,al,3.03,6128,2.80,0.00,0,1114
cfrac,al,2.9,8096,2.67,0.00,0,1090
cfrac,al,2.87,8072,2.65,0.00,0,1085
cfrac,sys,2.18,6128,2.01,0.00,0,629
cfrac,sys,2.01,6128,1.85,0.00,0,724
cfrac,sys,2.49,6128,2.29,0.00,0,501
cfrac,sys,2.28,6116,2.10,0.00,0,580
cfrac,sys,1.96,6116,1.81,0.00,0,751
cfrac,sys,2.09,6128,1.93,0.00,0,755
cfrac,sys,1.96,6108,1.81,0.00,0,752
cfrac,sys,1.96,6128,1.80,0.00,0,751
cfrac,sys,1.96,6128,1.80,0.00,0,754
cfrac,sys,1.95,6128,1.80,0.00,0,752
cfrac,mi,1.9,6128,1.75,0.00,0,698
cfrac,mi,1.9,6128,1.75,0.00,0,699
cfrac,mi,1.91,6128,1.76,0.00,0,699
cfrac,mi,1.92,6112,1.77,0.00,0,698
cfrac,mi,1.9,6128,1.76,0.00,0,700
cfrac,mi,1.9,8140,1.75,0.00,0,694
cfrac,mi,1.91,6128,1.76,0.00,0,699
cfrac,mi,1.9,6128,1.75,0.00,0,699
cfrac,mi,1.91,6128,1.76,0.00,0,698
cfrac,mi,1.9,8056,1.76,0.00,0,666
cfrac,mi-sec,2.55,6128,2.35,0.00,0,829
cfrac,mi-sec,2.56,6116,2.36,0.00,0,831
cfrac,mi-sec,2.57,6128,2.37,0.00,0,829
cfrac,mi-sec,2.54,6128,2.35,0.00,0,828
cfrac,mi-sec,2.56,6128,2.36,0.00,0,831
cfrac,mi-sec,2.55,6128,2.35,0.00,0,830
cfrac,mi-sec,2.54,8072,2.34,0.00,0,800
cfrac,mi-sec,2.57,6128,2.37,0.00,0,831
cfrac,mi-sec,2.55,6128,2.35,0.00,0,828
cfrac,mi-sec,2.58,6116,2.38,0.00,0,826
espresso,al,2.74,8192,2.52,0.01,0,6137
espresso,al,2.75,6128,2.53,0.00,0,6139
espresso,al,2.77,6128,2.55,0.00,0,6138
espresso,al,2.76,6120,2.53,0.01,0,6135
espresso,al,2.76,6108,2.53,0.01,0,6136
espresso,al,2.76,6112,2.54,0.00,0,6136
espresso,al,2.76,6108,2.54,0.00,0,6136
espresso,al,2.75,6128,2.53,0.01,0,6139
espresso,al,2.75,6128,2.53,0.01,0,6139
espresso,al,2.76,6128,2.54,0.00,0,6140
espresso,sys,2.72,6128,2.50,0.00,0,479
espresso,sys,2.79,6128,2.57,0.00,0,631
espresso,sys,2.66,6128,2.45,0.00,0,708
espresso,sys,2.67,6128,2.46,0.00,0,713
espresso,sys,2.66,6124,2.45,0.00,0,678
espresso,sys,2.78,6124,2.56,0.00,0,565
espresso,sys,2.78,6128,2.57,0.00,0,618
espresso,sys,2.65,6128,2.44,0.00,0,710
espresso,sys,2.65,6128,2.44,0.01,0,710
espresso,sys,2.66,6112,2.45,0.00,0,710
espresso,mi,2.4,6128,2.21,0.00,0,3688
espresso,mi,2.38,6120,2.19,0.01,0,3692
espresso,mi,2.38,6116,2.18,0.01,0,3676
espresso,mi,2.37,6120,2.18,0.00,0,3613
espresso,mi,2.39,6120,2.20,0.00,0,3627
espresso,mi,2.39,6108,2.20,0.00,0,3615
espresso,mi,2.38,6128,2.18,0.00,0,3593
espresso,mi,2.39,6128,2.20,0.00,0,3674
espresso,mi,2.38,6128,2.18,0.01,0,3672
espresso,mi,2.39,6116,2.20,0.00,0,3619
espresso,mi-sec,2.7,6124,2.47,0.02,0,10695
espresso,mi-sec,2.7,6128,2.47,0.01,0,10695
espresso,mi-sec,2.7,6128,2.47,0.02,0,10696
espresso,mi-sec,2.7,6128,2.47,0.01,0,10695
espresso,mi-sec,2.71,6112,2.48,0.01,0,10693
espresso,mi-sec,2.7,6116,2.47,0.01,0,10694
espresso,mi-sec,2.7,6124,2.47,0.01,0,10693
espresso,mi-sec,2.71,6128,2.48,0.02,0,10695
espresso,mi-sec,2.71,6124,2.48,0.02,0,10732
espresso,mi-sec,2.7,6128,2.48,0.01,0,10695
barnes,al,1.15,57820,1.05,0.00,0,16901
barnes,al,1.15,57756,1.06,0.00,0,16902
barnes,al,1.15,57756,1.05,0.01,0,16900
barnes,al,1.15,57820,1.05,0.00,0,16901
barnes,al,1.15,57756,1.05,0.01,0,16903
barnes,al,1.16,57820,1.06,0.01,0,16890
barnes,al,1.16,57816,1.06,0.01,0,16902
barnes,al,1.17,57820,1.07,0.00,0,16900
barnes,al,1.16,57756,1.06,0.01,0,16900
barnes,al,1.17,57756,1.08,0.00,0,16901
barnes,sys,1.16,62260,1.07,0.00,0,2241
barnes,sys,1.16,62052,1.06,0.00,0,2208
barnes,sys,1.15,59512,1.06,0.00,0,2431
barnes,sys,1.14,61428,1.05,0.00,0,1732
barnes,sys,1.15,60220,1.06,0.00,0,2530
barnes,sys,1.17,59500,1.08,0.00,0,2465
barnes,sys,1.16,61484,1.07,0.00,0,1090
barnes,sys,1.15,60520,1.06,0.00,0,1392
barnes,sys,1.16,59708,1.07,0.00,0,2466
barnes,sys,1.16,63636,1.07,0.00,0,1773
barnes,mi,1.19,57876,1.09,0.01,0,16889
barnes,mi,1.19,57876,1.09,0.01,0,16905
barnes,mi,1.16,57932,1.07,0.00,0,16904
barnes,mi,1.18,57940,1.08,0.00,0,16903
barnes,mi,1.17,57940,1.07,0.00,0,16903
barnes,mi,1.17,57940,1.07,0.00,0,16897
barnes,mi,1.19,57920,1.09,0.01,0,16900
barnes,mi,1.19,57940,1.09,0.00,0,16901
barnes,mi,1.19,57876,1.10,0.00,0,16904
barnes,mi,1.19,57876,1.09,0.00,0,16903
barnes,mi-sec,1.18,58068,1.08,0.01,0,16922
barnes,mi-sec,1.18,58048,1.08,0.01,0,16923
barnes,mi-sec,1.18,58004,1.08,0.00,0,16922
barnes,mi-sec,1.17,58068,1.08,0.00,0,16924
barnes,mi-sec,1.18,58052,1.09,0.00,0,16923
barnes,mi-sec,1.19,58004,1.09,0.00,0,16897
barnes,mi-sec,1.19,58068,1.08,0.01,0,16922
barnes,mi-sec,1.22,58004,1.12,0.00,0,16921
barnes,mi-sec,1.2,58004,1.09,0.00,0,16925
barnes,mi-sec,1.18,58068,1.08,0.01,0,16920
gs,al,0.17,36272,0.15,0.01,0,6920
gs,al,0.17,36784,0.14,0.01,0,7043
gs,al,0.16,36784,0.13,0.01,0,7044
gs,al,0.17,36784,0.15,0.01,0,7045
gs,al,0.17,36784,0.15,0.01,0,7049
gs,al,0.17,36784,0.14,0.01,0,7030
gs,al,0.17,36784,0.15,0.00,0,7046
gs,al,0.17,36784,0.15,0.00,0,7043
gs,al,0.17,36764,0.14,0.01,0,7043
gs,al,0.16,36784,0.14,0.00,0,7045
gs,sys,0.16,35416,0.14,0.00,0,2407
gs,sys,0.2,34864,0.15,0.03,0,4263
gs,sys,0.19,34888,0.15,0.02,0,3573
gs,sys,0.17,35428,0.15,0.00,0,2408
gs,sys,0.19,35040,0.15,0.02,0,4026
gs,sys,0.17,34964,0.14,0.02,0,3071
gs,sys,0.18,34892,0.14,0.02,0,3754
gs,sys,0.17,34908,0.15,0.00,0,2927
gs,sys,0.19,35612,0.15,0.01,0,3187
gs,sys,0.16,35388,0.14,0.00,0,2403
gs,mi,0.16,35648,0.14,0.00,0,5508
gs,mi,0.15,35824,0.14,0.00,0,5546
gs,mi,0.15,35788,0.14,0.00,0,5544
gs,mi,0.15,35816,0.13,0.00,0,5547
gs,mi,0.16,35812,0.14,0.00,0,5543
gs,mi,0.15,35792,0.13,0.00,0,5541
gs,mi,0.15,35788,0.13,0.00,0,5542
gs,mi,0.16,35800,0.14,0.00,0,5512
gs,mi,0.16,35824,0.14,0.00,0,5547
gs,mi,0.15,35808,0.13,0.00,0,5541
gs,mi-sec,0.16,40140,0.14,0.00,0,6657
gs,mi-sec,0.16,40140,0.14,0.01,0,6651
gs,mi-sec,0.15,40128,0.13,0.00,0,6652
gs,mi-sec,0.17,40084,0.14,0.00,0,6643
gs,mi-sec,0.18,40136,0.15,0.00,0,6652
gs,mi-sec,0.17,40120,0.14,0.00,0,6655
gs,mi-sec,0.15,40108,0.13,0.00,0,6649
gs,mi-sec,0.16,40100,0.14,0.00,0,6653
gs,mi-sec,0.17,40124,0.15,0.00,0,6653
gs,mi-sec,0.15,40136,0.13,0.01,0,6656
alloc-test1,al,9.89,17148,9.13,0.00,0,6353
alloc-test1,al,10.12,17164,9.34,0.00,0,6379
alloc-test1,al,10.08,17164,9.30,0.00,0,6375
alloc-test1,al,9.51,17152,8.77,0.00,0,6379
alloc-test1,al,9.93,17144,9.16,0.00,0,6379
alloc-test1,al,9.35,17164,8.62,0.00,0,6380
alloc-test1,al,9.95,17164,9.18,0.00,0,6380
alloc-test1,al,9.47,17228,8.74,0.00,0,6380
alloc-test1,al,9.59,17164,8.85,0.00,0,6380
alloc-test1,al,9.81,17164,9.06,0.00,0,6379
alloc-test1,sys,2.24,14088,2.07,0.00,0,1734
alloc-test1,sys,2.25,14192,2.07,0.00,0,1736
alloc-test1,sys,2.24,14092,2.07,0.00,0,1737
alloc-test1,sys,2.25,14072,2.08,0.00,0,1734
alloc-test1,sys,2.25,14192,2.07,0.00,0,1723
alloc-test1,sys,2.25,14076,2.07,0.00,0,1736
alloc-test1,sys,2.25,14128,2.08,0.00,0,1734
alloc-test1,sys,2.26,14076,2.09,0.00,0,1702
alloc-test1,sys,2.24,14132,2.07,0.00,0,1740
alloc-test1,sys,2.24,14112,2.07,0.00,0,1737
alloc-test1,mi,1.91,12924,1.77,0.00,0,2898
alloc-test1,mi,1.91,12912,1.76,0.00,0,2900
alloc-test1,mi,1.93,13056,1.78,0.00,0,2900
alloc-test1,mi,1.91,12932,1.76,0.00,0,2900
alloc-test1,mi,1.91,12932,1.76,0.00,0,2899
alloc-test1,mi,1.91,12932,1.76,0.00,0,2899
alloc-test1,mi,1.93,12920,1.78,0.00,0,2898
alloc-test1,mi,1.92,12932,1.77,0.00,0,2899
alloc-test1,mi,1.92,12932,1.77,0.00,0,2899
alloc-test1,mi,1.93,12868,1.77,0.00,0,2902
alloc-test1,mi-sec,2.63,14336,2.43,0.00,0,3224
alloc-test1,mi-sec,2.64,14212,2.43,0.00,0,3224
alloc-test1,mi-sec,2.66,14336,2.46,0.00,0,3224
alloc-test1,mi-sec,2.64,14336,2.43,0.00,0,3222
alloc-test1,mi-sec,2.64,14200,2.43,0.00,0,3203
alloc-test1,mi-sec,2.65,14336,2.44,0.00,0,3226
alloc-test1,mi-sec,2.63,14148,2.42,0.00,0,3224
alloc-test1,mi-sec,2.68,14200,2.47,0.00,0,3220
alloc-test1,mi-sec,2.64,14200,2.44,0.00,0,3226
alloc-test1,mi-sec,2.67,14336,2.46,0.00,0,3223
glibc-simple,al,1.75,6108,1.55,0.06,0,155514
glibc-simple,al,1.75,6128,1.56,0.04,0,155516
glibc-simple,al,1.74,6128,1.56,0.04,0,155514
glibc-simple,al,1.75,6128,1.56,0.05,0,155515
glibc-simple,al,1.76,6128,1.57,0.05,0,155516
glibc-simple,al,1.77,6128,1.57,0.05,0,155517
glibc-simple,al,1.75,6128,1.56,0.04,0,155519
glibc-simple,al,1.73,8196,1.54,0.05,0,155517
glibc-simple,al,1.75,6128,1.54,0.06,0,155515
glibc-simple,al,1.74,6128,1.54,0.06,0,155515
glibc-simple,sys,2.2,6128,2.03,0.00,0,508
glibc-simple,sys,2.19,6128,2.02,0.00,0,508
glibc-simple,sys,2.22,6128,2.05,0.00,0,509
glibc-simple,sys,2.21,8120,2.04,0.00,0,492
glibc-simple,sys,2.21,8160,2.04,0.00,0,503
glibc-simple,sys,2.21,6128,2.04,0.00,0,508
glibc-simple,sys,2.21,6128,2.04,0.00,0,510
glibc-simple,sys,2.21,6116,2.04,0.00,0,507
glibc-simple,sys,2.23,6128,2.06,0.00,0,509
glibc-simple,sys,2.21,6128,2.04,0.00,0,511
glibc-simple,mi,1.22,6116,1.13,0.00,0,586
glibc-simple,mi,1.21,6108,1.11,0.00,0,585
glibc-simple,mi,1.21,6128,1.11,0.00,0,588
glibc-simple,mi,1.21,6108,1.12,0.00,0,585
glibc-simple,mi,1.2,6128,1.11,0.00,0,585
glibc-simple,mi,1.21,6128,1.12,0.00,0,587
glibc-simple,mi,1.21,6128,1.11,0.00,0,588
glibc-simple,mi,1.22,6128,1.12,0.00,0,587
glibc-simple,mi,1.2,6112,1.11,0.00,0,587
glibc-simple,mi,1.21,8052,1.12,0.00,0,550
glibc-simple,mi-sec,1.89,6128,1.74,0.00,0,615
glibc-simple,mi-sec,1.87,6124,1.72,0.00,0,612
glibc-simple,mi-sec,1.88,6128,1.73,0.00,0,614
glibc-simple,mi-sec,1.9,6128,1.75,0.00,0,609
glibc-simple,mi-sec,1.9,6128,1.75,0.00,0,611
glibc-simple,mi-sec,1.87,6128,1.72,0.00,0,612
glibc-simple,mi-sec,1.9,6124,1.75,0.00,0,613
glibc-simple,mi-sec,1.88,6128,1.74,0.00,0,609
glibc-simple,mi-sec,1.88,6128,1.73,0.00,0,613
glibc-simple,mi-sec,1.88,6124,1.73,0.00,0,614
malloc-large,al,0.42,526848,0.24,0.15,0,131599
malloc-large,al,0.35,526848,0.24,0.08,0,131599
malloc-large,al,0.32,526848,0.23,0.06,0,131599
malloc-large,al,0.32,526848,0.22,0.07,0,131599
malloc-large,al,0.32,526848,0.23,0.06,0,131598
malloc-large,al,0.31,526848,0.22,0.06,0,131600
malloc-large,al,0.32,526848,0.23,0.06,0,131601
malloc-large,al,0.3,526848,0.22,0.06,0,131599
malloc-large,al,0.32,526848,0.23,0.06,0,131598
malloc-large,al,0.32,526848,0.23,0.06,0,131599
malloc-large,sys,0.43,533788,0.23,0.15,0,58728
malloc-large,sys,0.28,533900,0.22,0.04,0,19851
malloc-large,sys,0.27,533892,0.22,0.02,0,18362
malloc-large,sys,0.28,533860,0.22,0.03,0,18364
malloc-large,sys,0.27,534272,0.22,0.03,0,15374
malloc-large,sys,0.28,535344,0.23,0.02,0,12529
malloc-large,sys,0.27,534228,0.22,0.03,0,8698
malloc-large,sys,0.27,535684,0.23,0.02,0,9521
malloc-large,sys,0.26,534420,0.22,0.02,0,9768
malloc-large,sys,0.27,535144,0.22,0.02,0,10423
malloc-large,mi,0.4,572012,0.30,0.06,0,142683
malloc-large,mi,0.33,572024,0.24,0.06,0,142684
malloc-large,mi,0.34,572024,0.26,0.05,0,142685
malloc-large,mi,0.31,572024,0.23,0.05,0,142686
malloc-large,mi,0.38,572024,0.28,0.06,0,142684
malloc-large,mi,0.35,572024,0.27,0.05,0,142687
malloc-large,mi,0.36,572024,0.27,0.06,0,142685
malloc-large,mi,0.35,572016,0.26,0.06,0,142685
malloc-large,mi,0.31,572024,0.23,0.05,0,142684
malloc-large,mi,0.32,572016,0.23,0.06,0,142685
malloc-large,mi-sec,0.33,572024,0.22,0.08,0,142694
malloc-large,mi-sec,0.33,572024,0.23,0.08,0,142693
malloc-large,mi-sec,0.32,572148,0.23,0.06,0,142693
malloc-large,mi-sec,0.32,572024,0.22,0.07,0,142694
malloc-large,mi-sec,0.34,572024,0.23,0.08,0,142666
malloc-large,mi-sec,0.32,572004,0.23,0.06,0,142693
malloc-large,mi-sec,0.35,572004,0.24,0.08,0,142692
malloc-large,mi-sec,0.32,572020,0.23,0.06,0,142692
malloc-large,mi-sec,0.35,572024,0.25,0.07,0,142693
malloc-large,mi-sec,0.32,572012,0.23,0.06,0,142691
cache-thrash1,al,0.67,6112,0.61,0.00,0,562
cache-thrash1,al,0.68,8084,0.62,0.00,0,534
cache-thrash1,al,0.67,6120,0.62,0.00,0,561
cache-thrash1,al,0.67,6128,0.62,0.00,0,562
cache-thrash1,al,0.67,6108,0.62,0.00,0,561
cache-thrash1,al,0.67,8144,0.61,0.00,0,550
cache-thrash1,al,0.67,6128,0.61,0.00,0,561
cache-thrash1,al,0.67,6128,0.62,0.00,0,563
cache-thrash1,al,0.68,8168,0.63,0.00,0,556
cache-thrash1,al,0.67,6128,0.62,0.00,0,563
cache-thrash1,sys,0.67,6128,0.62,0.00,0,551
cache-thrash1,sys,0.67,6128,0.62,0.00,0,551
cache-thrash1,sys,0.66,6128,0.61,0.00,0,550
cache-thrash1,sys,0.66,6128,0.61,0.00,0,554
cache-thrash1,sys,0.66,6108,0.61,0.00,0,549
cache-thrash1,sys,0.67,6112,0.62,0.00,0,550
cache-thrash1,sys,0.67,6108,0.62,0.00,0,549
cache-thrash1,sys,0.66,6128,0.61,0.00,0,550
cache-thrash1,sys,0.66,6128,0.61,0.00,0,553
cache-thrash1,sys,0.66,6128,0.61,0.00,0,551
cache-thrash1,mi,0.67,6128,0.62,0.00,0,574
cache-thrash1,mi,0.67,6112,0.62,0.00,0,571
cache-thrash1,mi,0.67,6128,0.62,0.00,0,571
cache-thrash1,mi,0.67,6112,0.62,0.00,0,572
cache-thrash1,mi,0.66,6128,0.61,0.00,0,573
cache-thrash1,mi,0.67,6128,0.62,0.00,0,573
cache-thrash1,mi,0.67,6128,0.62,0.00,0,572
cache-thrash1,mi,0.66,6128,0.61,0.00,0,571
cache-thrash1,mi,0.66,6120,0.61,0.00,0,570
cache-thrash1,mi,0.67,6108,0.62,0.00,0,572
cache-thrash1,mi-sec,0.68,6128,0.62,0.00,0,579
cache-thrash1,mi-sec,0.67,6128,0.61,0.00,0,584
cache-thrash1,mi-sec,0.67,6128,0.61,0.00,0,582
cache-thrash1,mi-sec,0.66,6112,0.61,0.00,0,580
cache-thrash1,mi-sec,0.67,6128,0.61,0.00,0,582
cache-thrash1,mi-sec,0.68,6108,0.62,0.00,0,580
cache-thrash1,mi-sec,0.68,6124,0.63,0.00,0,579
cache-thrash1,mi-sec,0.67,6120,0.62,0.00,0,578
cache-thrash1,mi-sec,0.68,6128,0.63,0.00,0,582
cache-thrash1,mi-sec,0.67,6128,0.61,0.00,0,581
cache-scratch1,al,0.52,6128,0.48,0.00,1,561
cache-scratch1,al,0.52,6116,0.48,0.00,0,564
cache-scratch1,al,0.54,6128,0.50,0.00,0,561
cache-scratch1,al,0.53,6128,0.49,0.00,0,561
cache-scratch1,al,0.53,6112,0.49,0.00,0,562
cache-scratch1,al,0.53,6116,0.48,0.00,0,561
cache-scratch1,al,0.53,6128,0.49,0.00,0,564
cache-scratch1,al,0.53,6128,0.49,0.00,0,563
cache-scratch1,al,0.53,6128,0.49,0.00,0,564
cache-scratch1,al,0.54,6128,0.49,0.00,0,563
cache-scratch1,sys,0.52,6128,0.48,0.00,0,550
cache-scratch1,sys,0.53,7688,0.48,0.00,0,549
cache-scratch1,sys,0.53,6128,0.49,0.00,0,552
cache-scratch1,sys,0.53,6128,0.49,0.00,0,553
cache-scratch1,sys,0.52,6124,0.48,0.00,0,552
cache-scratch1,sys,0.52,6128,0.48,0.00,0,555
cache-scratch1,sys,0.52,6116,0.48,0.00,0,552
cache-scratch1,sys,0.53,6128,0.48,0.00,0,554
cache-scratch1,sys,0.52,8100,0.48,0.00,0,528
cache-scratch1,sys,0.52,6112,0.48,0.00,0,550
cache-scratch1,mi,0.52,6128,0.48,0.00,0,574
cache-scratch1,mi,0.52,6128,0.48,0.00,0,573
cache-scratch1,mi,0.53,6128,0.49,0.00,0,572
cache-scratch1,mi,0.52,8108,0.48,0.00,0,554
cache-scratch1,mi,0.53,6128,0.49,0.00,0,571
cache-scratch1,mi,0.53,6128,0.49,0.00,0,571
cache-scratch1,mi,0.53,6128,0.49,0.00,0,574
cache-scratch1,mi,0.53,6120,0.48,0.00,0,572
cache-scratch1,mi,0.53,6128,0.49,0.00,0,573
cache-scratch1,mi,0.52,6128,0.48,0.00,0,572
cache-scratch1,mi-sec,0.53,6108,0.49,0.00,0,580
cache-scratch1,mi-sec,0.54,6120,0.50,0.00,0,581
cache-scratch1,mi-sec,0.54,6128,0.50,0.00,0,578
cache-scratch1,mi-sec,0.53,6128,0.49,0.00,0,581
cache-scratch1,mi-sec,0.54,6112,0.50,0.00,0,579
cache-scratch1,mi-sec,0.52,6128,0.48,0.00,0,581
cache-scratch1,mi-sec,0.54,6124,0.49,0.00,0,579
cache-scratch1,mi-sec,0.54,6124,0.49,0.00,0,579
cache-scratch1,mi-sec,0.52,6128,0.48,0.00,0,581
cache-scratch1,mi-sec,0.54,6128,0.50,0.00,0,582